date,pos_location_name,total_sales,orders
2023-06-01,,0,0
2023-06-02,,0,0
2023-06-03,,0,0
2023-06-04,,0,0
2023-06-05,,0,0
2023-06-06,,0,0
2023-06-07,,0,0
2023-06-08,,0,0
2023-06-09,,0,0
2023-06-10,,0,0
2023-06-11,,0,0
2023-06-12,,0,0
2023-06-13,,0,0
2023-06-14,,0,0
2023-06-15,,0,0
2023-06-16,,0,0
2023-06-17,,0,0
2023-06-18,Sandy Neck Provisions,586.17,2
2023-06-19,Sandy Neck Provisions,39.77,1
2023-06-20,Sandy Neck Provisions,52.06,2
2023-06-21,Sandy Neck Provisions,30.81,1
2023-06-22,,0,0
2023-06-23,Sandy Neck Provisions,631.72,12
2023-06-24,Sandy Neck Provisions,957.95,13
2023-06-25,Sandy Neck Provisions,1191.71,13
2023-06-26,Sandy Neck Provisions,601.25,13
2023-06-27,Sandy Neck Provisions,116.89,3
2023-06-28,Sandy Neck Provisions,126.08,5
2023-06-29,Sandy Neck Provisions,305.67,12
2023-06-30,Sandy Neck Provisions,412.48,13
2023-07-01,Sandy Neck Provisions,2274.15,37
2023-07-02,Sandy Neck Provisions,1318.2,45
2023-07-03,Sandy Neck Provisions,916.96,26
2023-07-04,Sandy Neck Provisions,1799.91,32
2023-07-05,Sandy Neck Provisions,1271.08,27
2023-07-06,Sandy Neck Provisions,512.35,23
2023-07-07,Sandy Neck Provisions,2014.99,33
2023-07-08,Sandy Neck Provisions,1170.11,48
2023-07-09,Sandy Neck Provisions,970.11,29
2023-07-10,Sandy Neck Provisions,839.8,17
2023-07-11,Sandy Neck Provisions,971.51,31
2023-07-12,Sandy Neck Provisions,581.98,23
2023-07-13,Sandy Neck Provisions,1399.44,20
2023-07-14,Sandy Neck Provisions,456.33,20
2023-07-15,Sandy Neck Provisions,1339.58,39
2023-07-16,Sandy Neck Provisions,722.57,20
2023-07-17,Sandy Neck Provisions,860.55,17
2023-07-18,Sandy Neck Provisions,1147.22,28
2023-07-19,Sandy Neck Provisions,1758.82,26
2023-07-20,Sandy Neck Provisions,1428.92,39
2023-07-21,Sandy Neck Provisions,925.11,29
2023-07-22,Sandy Neck Provisions,3808.05,68
2023-07-23,Sandy Neck Provisions,2294.65,67
2023-07-24,Sandy Neck Provisions,339.81,14
2023-07-25,Sandy Neck Provisions,1547.42,38
2023-07-26,Sandy Neck Provisions,2235.67,39
2023-07-27,Sandy Neck Provisions,835.02,28
2023-07-28,Sandy Neck Provisions,1731.42,51
2023-07-29,Sandy Neck Provisions,1448.46,37
2023-07-30,Sandy Neck Provisions,2698.35,44
2023-07-31,Sandy Neck Provisions,1313.65,28
2023-08-01,Sandy Neck Provisions,1603.27,36
2023-08-02,Sandy Neck Provisions,1281.03,29
2023-08-03,Sandy Neck Provisions,2727.18,52
2023-08-04,Sandy Neck Provisions,1546.29,29
2023-08-05,Sandy Neck Provisions,2860.61,52
2023-08-06,Sandy Neck Provisions,2528.94,47
2023-08-07,Sandy Neck Provisions,728.12,17
2023-08-08,Sandy Neck Provisions,756.33,15
2023-08-09,Sandy Neck Provisions,823.67,26
2023-08-10,Sandy Neck Provisions,505.98,13
2023-08-11,Sandy Neck Provisions,2154.85,55
2023-08-12,Sandy Neck Provisions,3464.04,55
2023-08-13,Sandy Neck Provisions,1420.34,27
2023-08-14,Sandy Neck Provisions,766.3,30
2023-08-15,Sandy Neck Provisions,422.27,13
2023-08-16,Sandy Neck Provisions,341.13,16
2023-08-17,Sandy Neck Provisions,1057.76,19
2023-08-18,Sandy Neck Provisions,600.09,20
2023-08-19,Sandy Neck Provisions,3067.29,58
2023-08-20,Sandy Neck Provisions,3298.93,59
2023-08-21,Sandy Neck Provisions,958.05,26
2023-08-22,Sandy Neck Provisions,357.98,17
2023-08-23,Sandy Neck Provisions,364.8,16
2023-08-24,Sandy Neck Provisions,827.29,24
2023-08-25,Sandy Neck Provisions,419.28,11
2023-08-26,Sandy Neck Provisions,885.76,36
2023-08-27,Sandy Neck Provisions,1212.06,25
2023-08-28,Sandy Neck Provisions,123.15,10
2023-08-29,Sandy Neck Provisions,534.79,14
2023-08-30,Sandy Neck Provisions,302.91,10
2023-08-31,Sandy Neck Provisions,551.86,17
2023-09-01,Sandy Neck Provisions,760.91,33
2023-09-02,Sandy Neck Provisions,3365.79,68
2023-09-03,Sandy Neck Provisions,1487.59,62
2023-09-04,Sandy Neck Provisions,1667.1,53
2023-09-05,Sandy Neck Provisions,666.99,15
2023-09-06,Sandy Neck Provisions,157.25,8
2023-09-07,Sandy Neck Provisions,272.47,5
2023-09-08,Sandy Neck Provisions,411.47,17
2023-09-09,Sandy Neck Provisions,323.26,14
2023-09-10,Sandy Neck Provisions,523.77,13
2023-09-11,Sandy Neck Provisions,128.15,4
2023-09-12,Sandy Neck Provisions,250.25,4
2023-09-13,Sandy Neck Provisions,39.31,3
2023-09-14,Sandy Neck Provisions,34.53,1
2023-09-15,Sandy Neck Provisions,351.93,13
2023-09-16,,0,0
2023-09-17,Sandy Neck Provisions,493.88,16
2023-09-18,,0,0
2023-09-19,Sandy Neck Provisions,199.02,5
2023-09-20,Sandy Neck Provisions,119.12,6
2023-09-21,Sandy Neck Provisions,239.67,3
2023-09-22,Sandy Neck Provisions,459.56,13
2023-09-23,Sandy Neck Provisions,179.01,6
2023-09-24,Sandy Neck Provisions,53,1
2023-09-25,,0,0
2023-09-26,Sandy Neck Provisions,99.67,2
2023-09-27,Sandy Neck Provisions,13.55,2
2023-09-28,Sandy Neck Provisions,89,4
2023-09-29,Sandy Neck Provisions,48.24,4
2023-09-30,Sandy Neck Provisions,495.76,7
2023-10-01,Sandy Neck Provisions,943.21,17
2023-10-02,Sandy Neck Provisions,236.75,8
2023-10-03,Sandy Neck Provisions,361.74,10
2023-10-04,Sandy Neck Provisions,250.4,4
2023-10-05,Sandy Neck Provisions,229.44,4
2023-10-06,Sandy Neck Provisions,124.46,5
2023-10-07,Sandy Neck Provisions,1008.01,17
2023-10-08,Sandy Neck Provisions,295.39,14
2023-10-09,Sandy Neck Provisions,1023.37,19
2023-10-10,,0,0
2023-10-11,,0,0
2023-10-12,,0,0
2023-10-13,,0,0
2023-10-14,,0,0
2023-10-15,,0,0
2023-10-16,,0,0
2023-10-17,,0,0
2023-10-18,,0,0
2023-10-19,,0,0
2023-10-20,,0,0
2023-10-21,,0,0
2023-10-22,,0,0
2023-10-23,,0,0
2023-10-24,,0,0
2023-10-25,,0,0
2023-10-26,,0,0
2023-10-27,,0,0
2023-10-28,,0,0
2023-10-29,,0,0
2023-10-30,,0,0
2023-10-31,,0,0
2023-11-01,,0,0
2023-11-02,,0,0
2023-11-03,,0,0
2023-11-04,,0,0
2023-11-05,,0,0
2023-11-06,,0,0
2023-11-07,,0,0
2023-11-08,,0,0
2023-11-09,,0,0
2023-11-10,,0,0
2023-11-11,,0,0
2023-11-12,Sandy Neck Provisions,39.85,1
2023-11-13,,0,0
2023-11-14,,0,0
2023-11-15,Sandy Neck Provisions,139.9,1
2023-11-16,,0,0
2023-11-17,,0,0
2023-11-18,,0,0
2023-11-19,,0,0
2023-11-20,,0,0
2023-11-21,,0,0
2023-11-22,,0,0
2023-11-23,,0,0
2023-11-24,,0,0
2023-11-25,Sandy Neck Provisions,307.02,10
2023-11-26,,0,0
2023-11-27,,0,0
2023-11-28,,0,0
2023-11-29,,0,0
2023-11-30,,0,0
2023-12-01,,0,0
2023-12-02,Sandy Neck Provisions,751.38,10
2023-12-03,Sandy Neck Provisions,15.99,1
2023-12-04,,0,0
2023-12-05,,0,0
2023-12-06,,0,0
2023-12-07,,0,0
2023-12-08,,0,0
2023-12-09,Sandy Neck Provisions,754.12,7
2023-12-10,,0,0
2023-12-11,,0,0
2023-12-12,,0,0
2023-12-13,,0,0
2023-12-14,,0,0
2023-12-15,,0,0
2023-12-16,,0,0
2023-12-17,,0,0
2023-12-18,,0,0
2023-12-19,,0,0
2023-12-20,,0,0
2023-12-21,Sandy Neck Provisions,46.36,1
2023-12-22,,0,0
2023-12-23,,0,0
2023-12-24,,0,0
2023-12-25,,0,0
2023-12-26,,0,0
2023-12-27,,0,0
2023-12-28,,0,0
2023-12-29,,0,0
2023-12-30,,0,0
2023-12-31,,0,0
2024-01-01,,0,0
2024-01-02,,0,0
2024-01-03,,0,0
2024-01-04,,0,0
2024-01-05,,0,0
2024-01-06,,0,0
2024-01-07,,0,0
2024-01-08,,0,0
2024-01-09,,0,0
2024-01-10,,0,0
2024-01-11,,0,0
2024-01-12,,0,0
2024-01-13,,0,0
2024-01-14,,0,0
2024-01-15,,0,0
2024-01-16,,0,0
2024-01-17,,0,0
2024-01-18,,0,0
2024-01-19,,0,0
2024-01-20,,0,0
2024-01-21,,0,0
2024-01-22,,0,0
2024-01-23,,0,0
2024-01-24,,0,0
2024-01-25,,0,0
2024-01-26,,0,0
2024-01-27,,0,0
2024-01-28,,0,0
2024-01-29,,0,0
2024-01-30,,0,0
2024-01-31,,0,0
2024-02-01,,25,1
2024-02-02,,0,0
2024-02-03,,0,0
2024-02-04,,0,0
2024-02-05,,0,0
2024-02-06,,0,0
2024-02-07,,0,0
2024-02-08,,0,0
2024-02-09,,0,0
2024-02-10,,0,0
2024-02-11,,0,0
2024-02-12,,0,0
2024-02-13,,0,0
2024-02-14,,0,0
2024-02-15,,0,0
2024-02-16,,0,0
2024-02-17,,0,0
2024-02-18,,0,0
2024-02-19,,0,0
2024-02-20,,0,0
2024-02-21,,0,0
2024-02-22,,0,0
2024-02-23,Sandy Neck Provisions,55.26,1
2024-02-24,,0,0
2024-02-25,,0,0
2024-02-26,,0,0
2024-02-27,,0,0
2024-02-28,Sandy Neck Provisions,0,1
2024-02-29,,0,0
2024-03-01,,0,0
2024-03-02,,0,0
2024-03-03,,0,0
2024-03-04,,0,0
2024-03-05,,0,0
2024-03-06,,0,0
2024-03-07,,0,0
2024-03-08,,0,0
2024-03-09,,0,0
2024-03-10,,0,0
2024-03-11,,0,0
2024-03-12,,0,0
2024-03-13,,0,0
2024-03-14,,0,0
2024-03-15,,0,0
2024-03-16,,0,0
2024-03-17,,0,0
2024-03-18,,0,0
2024-03-19,,0,0
2024-03-20,,0,0
2024-03-21,,0,0
2024-03-22,,0,0
2024-03-23,,0,0
2024-03-24,,0,0
2024-03-25,,0,0
2024-03-26,,0,0
2024-03-27,,0,0
2024-03-28,,0,0
2024-03-29,,0,0
2024-03-30,,0,0
2024-03-31,,0,0
2024-04-01,,0,0
2024-04-02,,0,0
2024-04-03,,0,0
2024-04-04,,0,0
2024-04-05,,0,0
2024-04-06,,0,0
2024-04-07,,0,0
2024-04-08,,0,0
2024-04-09,,0,0
2024-04-10,,0,0
2024-04-11,,0,0
2024-04-12,,0,0
2024-04-13,,0,0
2024-04-14,,0,0
2024-04-15,,0,0
2024-04-16,,0,0
2024-04-17,,0,0
2024-04-18,,0,0
2024-04-19,,0,0
2024-04-20,,0,0
2024-04-21,,0,0
2024-04-22,,0,0
2024-04-23,,0,0
2024-04-24,,0,0
2024-04-25,,0,0
2024-04-26,,551.54,4
2024-04-27,,847.88,2
2024-04-28,,0,0
2024-04-29,,0,0
2024-04-30,,0,0
2024-05-01,,0,0
2024-05-02,,0,0
2024-05-03,,0,0
2024-05-04,,0,0
2024-05-05,,0,0
2024-05-06,,0,0
2024-05-07,,0,0
2024-05-08,,0,0
2024-05-09,,0,0
2024-05-10,,0,0
2024-05-11,,0,0
2024-05-12,,0,0
2024-05-13,,0,0
2024-05-14,,0,0
2024-05-15,,0,0
2024-05-16,,0,0
2024-05-17,,0,0
2024-05-18,,0,0
2024-05-19,,0,0
2024-05-20,,0,0
2024-05-21,,0,0
2024-05-22,,7,2
2024-05-23,,110.98,6
2024-05-24,,2928.36,40
2024-05-25,,2150.33,51
2024-05-26,,1322.26,29
2024-05-27,,492.69,14
2024-05-28,,15.28,2
2024-05-29,,36.34,4
2024-05-30,,104.49,4
2024-05-31,,250.36,5
2024-06-01,,1623.67,26
2024-06-02,,1240.09,26
2024-06-03,,45.24,3
2024-06-04,,300.85,5
2024-06-05,,647.23,8
2024-06-06,,0,0
2024-06-07,,534.33,10
2024-06-08,,1462.36,34
2024-06-09,,560.73,15
2024-06-10,,91,7
2024-06-11,,0,0
2024-06-12,,305.59,8
2024-06-13,,518.51,19
2024-06-14,,605.19,11
2024-06-15,,1004.94,22
2024-06-16,,1573,33
2024-06-17,,1430.3,18
2024-06-18,,446.34,16
2024-06-19,,880.62,26
2024-06-20,,148.73,7
2024-06-21,,1096.94,20
2024-06-22,,331.09,8
2024-06-23,,558.69,22
2024-06-24,,526.55,21
2024-06-25,,347.07,20
2024-06-26,,754.51,13
2024-06-27,,571.15,16
2024-06-28,,1540.2,28
2024-06-29,,2052.6,44
2024-06-30,,1429.6,19
2024-07-01,,531.48,15
2024-07-02,,1471.51,31
2024-07-03,,2129.73,43
2024-07-04,,2302.51,67
2024-07-05,,1653.22,34
2024-07-06,,901.1,28
2024-07-07,,1366.87,45
2024-07-08,,577,17
2024-07-09,,798.7,23
2024-07-10,,468.84,18
2024-07-11,,469.04,12
2024-07-12,,776.16,15
2024-07-13,,752.57,18
2024-07-14,,2532.66,66
2024-07-15,,910.8,26
2024-07-16,,1160.06,24
2024-07-17,,561.9,12
2024-07-18,,1109.42,31
2024-07-19,,1547.77,38
2024-07-20,,2997.29,72
2024-07-21,,1973.56,62
2024-07-22,,415.75,16
2024-07-23,,1224.28,32
2024-07-24,,627.81,21
2024-07-25,,731.82,30
2024-07-26,,2524.62,65
2024-07-27,,2726.77,79
2024-07-28,,2569.57,56
2024-07-29,,418.84,18
2024-07-30,,551.57,18
2024-07-31,,219.92,9
2024-08-01,,1503.43,36
2024-08-02,,1096.99,41
2024-08-03,,2424.05,60
2024-08-04,,1226.61,35
2024-08-05,,1136.45,32
2024-08-06,,413.82,7
2024-08-07,,508.73,11
2024-08-08,,231.36,14
2024-08-09,,956.28,25
2024-08-10,,1393.15,44
2024-08-11,,2784.45,64
2024-08-12,,1233.95,37
2024-08-13,,1012.16,26
2024-08-14,,1379.9,35
2024-08-15,,666.19,29
2024-08-16,,1965.17,31
2024-08-17,,3311.56,59
2024-08-18,,1029.37,28
2024-08-19,,497.08,16
2024-08-20,,700.08,15
2024-08-21,,1043.93,25
2024-08-22,,389.29,22
2024-08-23,,1106.03,28
2024-08-24,,1930.57,61
2024-08-25,,2183.25,56
2024-08-26,,438.54,18
2024-08-27,,989.14,25
2024-08-28,,476.66,11
2024-08-29,,325.79,7
2024-08-30,,2108.19,44
2024-08-31,,5117.43,93
2024-09-01,,990.16,26
2024-09-02,,660.82,25
2024-09-03,,82.87,2
2024-09-04,,0,0
2024-09-05,,0,0
2024-09-06,,236.87,11
2024-09-07,,627.42,15
2024-09-08,,387.09,5
2024-09-09,,0,0
2024-09-10,,0,0
2024-09-11,,0,0
2024-09-12,,0,0
2024-09-13,,280,16
2024-09-14,,963.11,24
2024-09-15,,927.6,26
2024-09-16,,0,0
2024-09-17,,0,0
2024-09-18,,0,0
2024-09-19,,0,0
2024-09-20,,0,0
2024-09-21,,0,0
2024-09-22,,47.66,4
2024-09-23,,0,0
2024-09-24,,0,0
2024-09-25,,0,0
2024-09-26,,0,0
2024-09-27,,858.37,8
2024-09-28,,1019.41,14
2024-09-29,,1232.14,17
2024-09-30,,0,0
2024-10-01,,0,0
2024-10-02,,0,0
2024-10-03,,0,0
2024-10-04,,319.35,13
2024-10-05,,326.16,16
2024-10-06,,481.49,8
2024-10-07,,0,0
2024-10-08,,0,0
2024-10-09,,0,0
2024-10-10,,0,0
2024-10-11,,377.49,9
2024-10-12,,1352.04,28
2024-10-13,,1012.13,16
2024-10-14,,54.46,3
2024-10-15,,0,0
2024-10-16,,0,0
2024-10-17,,0,0
2024-10-18,,0,0
2024-10-19,,0,0
2024-10-20,,0,0
2024-10-21,,0,0
2024-10-22,,0,0
2024-10-23,,0,0
2024-10-24,,0,0
2024-10-25,,0,0
2024-10-26,,0,0
2024-10-27,,0,0
2024-10-28,,27,1
2024-10-29,,0,0
2024-10-30,,0,0
2024-10-31,,0,0
2024-11-01,,0,0
2024-11-02,,31.88,1
2024-11-03,,0,0
2024-11-04,,0,0
2024-11-05,,0,0
2024-11-06,,0,0
2024-11-07,,1165.73,21
2024-11-08,,0,0
2024-11-09,,0,0
2024-11-10,,0,0
2024-11-11,,0,0
2024-11-12,,0,0
2024-11-13,,0,0
2024-11-14,,0,0
2024-11-15,,0,0
2024-11-16,,0,0
2024-11-17,,0,0
2024-11-18,,0,0
2024-11-19,,0,0
2024-11-20,,0,0
2024-11-21,,0,0
2024-11-22,,0,0
2024-11-23,,0,0
2024-11-24,,62.58,1
2024-11-25,Sandy Neck Provisions,43.36,1
2024-11-26,,0,0
2024-11-27,,0,0
2024-11-28,,0,0
2024-11-29,,0,0
2024-11-30,Sandy Neck Provisions,988.77,16
2024-12-01,,0,0
2024-12-02,,0,0
2024-12-03,,0,0
2024-12-04,,0,0
2024-12-05,,0,0
2024-12-06,,0,0
2024-12-07,Sandy Neck Provisions,382.88,7
2024-12-08,,0,0
2024-12-09,,0,0
2024-12-10,,0,0
2024-12-11,,0,0
2024-12-12,,0,0
2024-12-13,,0,0
2024-12-14,Sandy Neck Provisions,1055.94,13
2024-12-15,,0,0
2024-12-16,,0,0
2024-12-17,,0,0
2024-12-18,,0,0
2024-12-19,,0,0
2024-12-20,,0,0
2024-12-21,Sandy Neck Provisions,143.44,1
2024-12-22,,0,0
2024-12-23,,0,0
2024-12-24,,0,0
2024-12-25,,0,0
2024-12-26,,0,0
2024-12-27,,0,0
2024-12-28,,0,0
2024-12-29,,0,0
2024-12-30,,0,0
2024-12-31,,0,0
2025-01-01,,0,0
2025-01-02,Sandy Neck Provisions,58.97,1
2025-01-03,,0,0
2025-01-04,,0,0
2025-01-05,,0,0
2025-01-06,,0,0
2025-01-07,,0,0
2025-01-08,,0,0
2025-01-09,,0,0
2025-01-10,,0,0
2025-01-11,,0,0
2025-01-12,,0,0
2025-01-13,,0,0
2025-01-14,Sandy Neck Provisions,296.76,1
2025-01-15,,0,0
2025-01-16,,0,0
2025-01-17,,4.25,1
2025-01-18,,103.9,1
2025-01-19,,-4.25,0
2025-01-20,,121.09,1
2025-01-21,Sandy Neck Provisions,62,1
2025-01-22,,0,0
2025-01-23,,22.86,1
2025-01-24,,0,0
2025-01-25,,9.39,1
2025-01-26,,0,0
2025-01-27,,0,0
2025-01-28,,0,0
2025-01-29,,0,0
2025-01-30,,13.85,1
2025-01-31,,0,0
2025-02-01,,0,0
2025-02-02,,0,0
2025-02-03,,0,0
2025-02-04,,0,0
2025-02-05,,0,0
2025-02-06,,0,0
2025-02-07,,44.16,1
2025-02-08,,0,0
2025-02-09,,0,0
2025-02-10,,36.78,1
2025-02-11,,0,0
2025-02-12,,0,0
2025-02-13,,0,0
2025-02-14,,0,0
2025-02-15,,0,0
2025-02-16,,0,0
2025-02-17,,0,0
2025-02-18,,104.99,1
2025-02-19,,0,0
2025-02-20,,0,0
2025-02-21,,0,0
2025-02-22,,0,0
2025-02-23,,0,0
2025-02-24,,0,0
2025-02-25,,0,0
2025-02-26,,0,0
2025-02-27,,0,0
2025-02-28,,0,0
2025-03-01,,39.9,1
2025-03-02,,0,0
2025-03-03,,19.3,1
2025-03-04,,0,0
2025-03-05,,0,0
2025-03-06,,56.96,1
2025-03-07,,0,0
2025-03-08,,0,0
2025-03-09,,0,0
2025-03-10,,0,0
2025-03-11,Sandy Neck Provisions,0,0
2025-03-12,,0,0
2025-03-13,,0,0
2025-03-14,,0,0
2025-03-15,Sandy Neck Provisions,60,1
2025-03-16,,0,0
2025-03-17,,0,0
2025-03-18,,0,0
2025-03-19,,0,0
2025-03-20,,1.06,1
2025-03-21,,104.9,2
2025-03-21,Sandy Neck Provisions,47.81,1
2025-03-22,Sandy Neck Provisions,39.29,1
2025-03-23,,0,0
2025-03-24,,77.43,2
2025-03-25,,0,0
2025-03-26,Sandy Neck Provisions,113.71,1
2025-03-27,,0,0
2025-03-28,,0,0
2025-03-29,,22.8,1
2025-03-30,,0,0
2025-03-31,Sandy Neck Provisions,132.81,1
2025-04-01,,0,0
2025-04-02,,0,0
2025-04-03,,0,0
2025-04-04,,0,0
2025-04-05,,0,0
2025-04-06,,53.12,1
2025-04-07,,0,0
2025-04-08,,36.9,1
2025-04-09,,0,0
2025-04-10,,0,0
2025-04-11,Sandy Neck Provisions,92.26,2
2025-04-12,,35.48,1
2025-04-13,,0,0
2025-04-14,,0,0
2025-04-15,,0,0
2025-04-16,,0,0
2025-04-17,,0,0
2025-04-18,,0,0
2025-04-19,,0,0
2025-04-20,,0,0
2025-04-21,,0,0
2025-04-22,Sandy Neck Provisions,54.8,2
2025-04-23,Sandy Neck Provisions,5.5,1
2025-04-24,Sandy Neck Provisions,82.86,3
2025-04-25,Sandy Neck Provisions,278.4,3
2025-04-26,Sandy Neck Provisions,342,4
2025-04-27,,0,0
2025-04-28,,32.9,1
2025-04-29,,32.9,1
2025-04-30,,0,0
2025-05-01,Sandy Neck Provisions,43.55,2
2025-05-02,Sandy Neck Provisions,238.27,4
2025-05-03,Sandy Neck Provisions,388.88,10
2025-05-04,,57.9,1
2025-05-04,Sandy Neck Provisions,162.81,7
2025-05-05,,0,0
2025-05-06,,0,0
2025-05-07,,0,0
2025-05-08,Sandy Neck Provisions,106.24,3
2025-05-09,,30.6,1
2025-05-09,Sandy Neck Provisions,310.67,5
2025-05-10,,-30.6,0
2025-05-10,Sandy Neck Provisions,480.23,13
2025-05-11,Sandy Neck Provisions,263.22,9
2025-05-12,Sandy Neck Provisions,91.38,1
2025-05-13,,21.9,1
2025-05-14,,0,0
2025-05-15,,0,0
2025-05-16,Sandy Neck Provisions,260.84,5
2025-05-17,Sandy Neck Provisions,1386.06,25
2025-05-18,Sandy Neck Provisions,485.69,6
2025-05-19,,0,0
2025-05-20,,-57.9,0
2025-05-21,,0,0
2025-05-22,,68.9,1
2025-05-23,,20.46,2
2025-05-23,Sandy Neck Provisions,200.17,4
2025-05-24,Sandy Neck Provisions,1214.48,21
2025-05-25,Sandy Neck Provisions,1248.08,24
2025-05-26,,20.19,2
2025-05-26,Sandy Neck Provisions,1420.28,40
2025-05-27,,20.61,2
2025-05-27,Sandy Neck Provisions,156.15,8
2025-05-28,,20.73,2
2025-05-28,Sandy Neck Provisions,291.33,7
2025-05-29,,94.56,5
2025-05-29,Sandy Neck Provisions,57.99,2
2025-05-30,,20.26,2
2025-05-30,Sandy Neck Provisions,576.5,9
2025-05-31,,30.49,3
2025-05-31,Sandy Neck Provisions,800.53,17
2025-06-01,,72.34,6
2025-06-01,Sandy Neck Provisions,367.99,12
2025-06-02,,20.76,2
2025-06-02,Sandy Neck Provisions,28.29,4
2025-06-03,,389.3,4
2025-06-03,Sandy Neck Provisions,379.01,8
2025-06-04,,34.87,1
2025-06-04,Sandy Neck Provisions,348.78,9
2025-06-05,,37.86,1
2025-06-05,Sandy Neck Provisions,615.29,21
2025-06-06,,64.78,1
2025-06-06,Sandy Neck Provisions,773.89,17
2025-06-07,,40.23,1
2025-06-07,Sandy Neck Provisions,463.84,12
2025-06-08,,104.23,3
2025-06-08,Sandy Neck Provisions,409.21,11
2025-06-09,,10.23,2
2025-06-09,Sandy Neck Provisions,105.35,5
2025-06-10,,43.8,4
2025-06-10,Sandy Neck Provisions,463.6,2
2025-06-11,,42.88,4
2025-06-11,Sandy Neck Provisions,290.56,11
2025-06-12,,10.19,2
2025-06-12,Sandy Neck Provisions,394.42,15
2025-06-13,,132.23,7
2025-06-13,Sandy Neck Provisions,607.25,12
2025-06-14,,216.97,8
2025-06-14,Sandy Neck Provisions,3538.78,50
2025-06-15,,109.26,8
2025-06-15,Sandy Neck Provisions,216.25,8
2025-06-16,,89.78,2
2025-06-16,Sandy Neck Provisions,182.34,7
2025-06-17,,111.68,4
2025-06-17,Sandy Neck Provisions,298.21,7
2025-06-18,,10.08,1
2025-06-18,Sandy Neck Provisions,322.8,8
2025-06-19,,20.66,2
2025-06-19,Sandy Neck Provisions,1725.77,27
2025-06-20,,159.99,6
2025-06-20,Sandy Neck Provisions,1827.4,48
2025-06-21,,117.61,6
2025-06-21,Sandy Neck Provisions,1856.35,56
2025-06-22,,172.39,8
2025-06-22,Sandy Neck Provisions,951.68,31
2025-06-23,,9.86,1
2025-06-23,Sandy Neck Provisions,870.4,20
2025-06-24,,13.75,1
2025-06-24,Sandy Neck Provisions,856.05,25
2025-06-25,,75.66,2
2025-06-25,Sandy Neck Provisions,1011.88,24
2025-06-26,Sandy Neck Provisions,860.42,15
2025-06-27,,84.15,5
2025-06-27,Sandy Neck Provisions,918.83,21
2025-06-28,,9.59,1
2025-06-28,Sandy Neck Provisions,860.7,20
2025-06-29,,133.19,4
2025-06-29,Sandy Neck Provisions,1572.25,52
2025-06-30,,317.05,8
2025-06-30,Sandy Neck Provisions,830.54,36
2025-07-01,,512.86,16
2025-07-01,Sandy Neck Provisions,629.56,15
2025-07-02,,379.36,13
2025-07-02,Sandy Neck Provisions,988.41,26
2025-07-03,,386.61,13
2025-07-03,Sandy Neck Provisions,3564.08,85
2025-07-03,Snack Shack,0,2
2025-07-04,,155.31,4
2025-07-04,Sandy Neck Provisions,2172.91,80
2025-07-04,Snack Shack,1148.37,68
2025-07-05,,10.33,1
2025-07-05,Sandy Neck Provisions,4249.5,90
2025-07-05,Snack Shack,775.29,52
2025-07-06,,111.97,8
2025-07-06,Sandy Neck Provisions,1942.02,78
2025-07-06,Snack Shack,1084.67,82
2025-07-07,,56.43,5
2025-07-07,Sandy Neck Provisions,808.97,26
2025-07-07,Snack Shack,153.56,9
2025-07-08,,62.68,6
2025-07-08,Sandy Neck Provisions,1022.86,25
2025-07-08,Snack Shack,277.78,27
2025-07-09,,182.26,6
2025-07-09,Sandy Neck Provisions,473.13,14
2025-07-09,Snack Shack,45.49,7
2025-07-10,,231.31,7
2025-07-10,Sandy Neck Provisions,385.72,7
2025-07-11,,304.25,9
2025-07-11,Sandy Neck Provisions,864.66,18
2025-07-11,Snack Shack,309.23,35
2025-07-12,,229.94,8
2025-07-12,Sandy Neck Provisions,1673.67,40
2025-07-12,Snack Shack,837.93,54
2025-07-13,,67.14,4
2025-07-13,Sandy Neck Provisions,1137.1,36
2025-07-13,Snack Shack,852.96,58
2025-07-14,,211.43,7
2025-07-14,Sandy Neck Provisions,409.53,15
2025-07-14,Snack Shack,590.87,39
2025-07-15,,130.32,7
2025-07-15,Sandy Neck Provisions,408.03,12
2025-07-15,Snack Shack,349.31,26
2025-07-16,,277.85,14
2025-07-16,Sandy Neck Provisions,691.55,21
2025-07-16,Snack Shack,448.74,40
2025-07-17,,103.47,4
2025-07-17,Sandy Neck Provisions,814.36,25
2025-07-17,Snack Shack,196.89,20
2025-07-18,,93.31,5
2025-07-18,Sandy Neck Provisions,1589.36,40
2025-07-18,Snack Shack,354.83,26
2025-07-19,,83.21,2
2025-07-19,Sandy Neck Provisions,2233.14,73
2025-07-19,Snack Shack,1289.84,105
2025-07-20,,10.35,1
2025-07-20,Sandy Neck Provisions,812.08,21
2025-07-20,Snack Shack,297.45,33
2025-07-21,,219.67,4
2025-07-21,Sandy Neck Provisions,1224.99,18
2025-07-21,Snack Shack,414.86,47
2025-07-22,,58,1
2025-07-22,Sandy Neck Provisions,207.13,11
2025-07-22,Snack Shack,462.38,31
2025-07-23,,-41.2,1
2025-07-23,Sandy Neck Provisions,862.46,24
2025-07-23,Snack Shack,281.89,35
2025-07-24,,36.5,1
2025-07-24,Sandy Neck Provisions,712.09,24
2025-07-24,Snack Shack,684,48
2025-07-25,,61.32,6
2025-07-25,Sandy Neck Provisions,1147.19,36
2025-07-25,Snack Shack,963.56,74
2025-07-26,,83.13,4
2025-07-26,Sandy Neck Provisions,2900.65,66
2025-07-26,Snack Shack,1312.18,75
2025-07-27,,228.44,7
2025-07-27,Sandy Neck Provisions,1111.79,18
2025-07-27,Snack Shack,247.99,22
2025-07-28,,98.98,4
2025-07-28,Sandy Neck Provisions,415.49,13
2025-07-28,Snack Shack,567.71,40
2025-07-29,,20.08,2
2025-07-29,Sandy Neck Provisions,383.66,21
2025-07-29,Snack Shack,668.65,55
2025-07-30,,111.59,7
2025-07-30,Sandy Neck Provisions,986.99,27
2025-07-30,Snack Shack,647.54,45
2025-07-31,,86.11,5
2025-07-31,Sandy Neck Provisions,604.61,15
2025-07-31,Snack Shack,61,8
2025-08-01,,146.28,6
2025-08-01,Sandy Neck Provisions,540.15,17
2025-08-01,Snack Shack,53.6,6
2025-08-02,,46.52,3
2025-08-02,Sandy Neck Provisions,1762.74,59
2025-08-02,Snack Shack,975.27,78
2025-08-03,,47.87,2
2025-08-03,Sandy Neck Provisions,1885.84,50
2025-08-03,Snack Shack,1371,101
2025-08-04,,10.47,1
2025-08-04,Sandy Neck Provisions,543.87,17
2025-08-04,Snack Shack,760.68,52
2025-08-05,,64.89,2
2025-08-05,Sandy Neck Provisions,387.03,20
2025-08-05,Snack Shack,599.57,40
2025-08-06,,20.86,2
2025-08-06,Sandy Neck Provisions,715.29,22
2025-08-06,Snack Shack,225.57,20
2025-08-07,,10.39,1
2025-08-07,Sandy Neck Provisions,1617.92,40
2025-08-07,Snack Shack,793,61
2025-08-08,Sandy Neck Provisions,1645.4,44
2025-08-08,Snack Shack,887.75,69
2025-08-09,,111.27,3
2025-08-09,Sandy Neck Provisions,2298.5,60
2025-08-09,Snack Shack,1405.74,101
2025-08-10,,46.16,2
2025-08-10,Sandy Neck Provisions,1789.61,61
2025-08-10,Snack Shack,1818.2,118
2025-08-11,,60,2
2025-08-11,Sandy Neck Provisions,1401.06,34
2025-08-11,Snack Shack,931.19,63
2025-08-12,,10.02,1
2025-08-12,Sandy Neck Provisions,918.51,23
2025-08-12,Snack Shack,767.06,51
2025-08-13,Sandy Neck Provisions,400.59,13
2025-08-13,Snack Shack,123.49,14
2025-08-14,,30.29,3
2025-08-14,Sandy Neck Provisions,821.1,26
2025-08-14,Snack Shack,131,15
2025-08-15,,19.75,2
2025-08-15,Sandy Neck Provisions,1118.55,31
2025-08-15,Snack Shack,626.33,45
2025-08-16,,46.56,2
2025-08-16,Sandy Neck Provisions,2848.43,71
2025-08-16,Snack Shack,1205.09,92
2025-08-17,,95.91,3
2025-08-17,Sandy Neck Provisions,1583.65,44
2025-08-17,Snack Shack,1233.04,79
2025-08-18,,20.21,2
2025-08-18,Sandy Neck Provisions,780.53,24
2025-08-18,Snack Shack,217.79,16
2025-08-19,,10.24,1
2025-08-19,Sandy Neck Provisions,265.5,12
2025-08-19,Snack Shack,517.85,27
2025-08-20,,10.41,1
2025-08-20,Sandy Neck Provisions,259.63,6
2025-08-20,Snack Shack,65,6
2025-08-21,,64.48,1
2025-08-21,Sandy Neck Provisions,241.55,8
2025-08-21,Snack Shack,24,3
2025-08-22,,44.52,4
2025-08-22,Sandy Neck Provisions,489.71,18
2025-08-22,Snack Shack,391.29,36
2025-08-23,Sandy Neck Provisions,1677.91,54
2025-08-23,Snack Shack,795.79,59
2025-08-24,,44.51,4
2025-08-24,Sandy Neck Provisions,1129.52,42
2025-08-25,Sandy Neck Provisions,412.23,10
2025-08-25,Snack Shack,262.78,21
2025-08-26,,87.61,5
2025-08-26,Sandy Neck Provisions,966.6,13
2025-08-27,,10.41,1
2025-08-27,Sandy Neck Provisions,902.45,16
2025-08-28,,52.41,2
2025-08-28,Sandy Neck Provisions,138.79,5
2025-08-29,,21.17,2
2025-08-29,Sandy Neck Provisions,1134.1,25
2025-08-30,Sandy Neck Provisions,3966.04,81
2025-08-30,Snack Shack,986.44,70
2025-08-31,,16.72,1
2025-08-31,Sandy Neck Provisions,2790.61,73
2025-08-31,Snack Shack,754.5,56
2025-09-01,,17.11,1
2025-09-01,Sandy Neck Provisions,1622.16,34
2025-09-01,Snack Shack,564.57,37
2025-09-02,,11.04,2
2025-09-03,,0,0
2025-09-04,,78.44,2
2025-09-04,Sandy Neck Provisions,797.86,1
2025-09-05,,120.05,3
2025-09-05,Sandy Neck Provisions,186.46,10
2025-09-06,,133.83,5
2025-09-06,Sandy Neck Provisions,896.41,27
2025-09-06,Snack Shack,379.15,27
2025-09-07,Sandy Neck Provisions,422.46,3
2025-09-08,,77.1,4
2025-09-09,,147.78,2
2025-09-10,,0,0
2025-09-11,,10.24,1
2025-09-12,Sandy Neck Provisions,321.04,8
2025-09-13,Sandy Neck Provisions,703.93,26
2025-09-13,Snack Shack,134.5,15
2025-09-14,,13.79,2
2025-09-14,Sandy Neck Provisions,585.58,14
2025-09-14,Snack Shack,40,6
2025-09-15,Sandy Neck Provisions,104.13,1
2025-09-16,,23.97,2
2025-09-17,,55.43,2
2025-09-18,,13.63,1
2025-09-19,,44.18,3
2025-09-19,Sandy Neck Provisions,296.89,14
2025-09-20,,10.7,1
2025-09-20,Sandy Neck Provisions,1367.06,16
2025-09-21,,157.94,5
2025-09-21,Sandy Neck Provisions,129.67,8
2025-09-22,,47.31,2
2025-09-23,,20.93,2
2025-09-24,,59.23,1
2025-09-25,,10.01,1
2025-09-26,,88.02,4
2025-09-26,Sandy Neck Provisions,240.71,12
2025-09-27,,21.09,2
2025-09-27,Sandy Neck Provisions,259.47,9
2025-09-28,,42.34,2
2025-09-29,,106.59,4
2025-09-30,,0,0
2025-10-01,,11.09,1
2025-10-01,Sandy Neck Provisions,39,1
2025-10-02,,76.55,2
2025-10-03,,64.78,1
2025-10-03,Sandy Neck Provisions,132.04,4
2025-10-04,Sandy Neck Provisions,304.33,11
2025-10-05,,69.82,1
2025-10-05,Sandy Neck Provisions,670.35,22
2025-10-06,,0,0
2025-10-07,,0,0
2025-10-08,,0,0
2025-10-09,,37.2,3
2025-10-10,Sandy Neck Provisions,448.57,8
2025-10-11,,70.79,3
2025-10-11,Sandy Neck Provisions,4117.11,58
2025-10-12,,10.66,1
2025-10-12,Sandy Neck Provisions,705.06,11
2025-10-13,,0,0
2025-10-14,,44.1,1
2025-10-15,,10.56,1
2025-10-16,,0,0
2025-10-17,,79.29,3
2025-10-18,,0,0
2025-10-19,,48.29,2
2025-10-20,,0,0
2025-10-21,,0,0
2025-10-22,,74.82,2
2025-10-23,,0,0
2025-10-24,,0,0
2025-10-25,,0,0
2025-10-26,,88.88,4
2025-10-26,Sandy Neck Provisions,31.86,1
2025-10-27,,0,0
2025-10-28,,6.45,1
2025-10-29,,0,0
2025-10-30,,5.06,1
2025-10-31,,65.83,1
2025-11-01,,0,0
2025-11-02,,177.37,4
2025-11-03,,0,0
2025-11-04,,97.39,1
2025-11-05,,0,0
2025-11-06,,75.19,2
2025-11-07,,0,0
2025-11-08,,0,0
2025-11-09,,0,0
2025-11-10,,0,0
2025-11-11,,0,0
2025-11-12,,0,0
2025-11-13,,0,0
2025-11-14,,20.83,2
2025-11-15,,37.8,1
2025-11-16,,61.25,1
2025-11-17,,0,0
2025-11-18,,0,0
2025-11-19,,0,0
2025-11-20,,0,0
2025-11-21,,10.83,1
2025-11-22,,14.36,1
2025-11-23,,60.67,2
2025-11-24,,0,0
2025-11-25,,0,0
2025-11-26,,66.76,2
2025-11-27,,53.66,2
2025-11-28,,21.42,2
2025-11-29,,-10.09,3
2025-11-29,Sandy Neck Provisions,841.81,4
2025-11-30,,0,0
2025-12-01,,75.14,4
2025-12-02,,24.08,1
2025-12-03,,10.44,1
2025-12-04,,133.77,5
2025-12-05,,658.05,13
2025-12-06,,712.47,16
2025-12-07,,0,0
2025-12-08,,271.19,7
2025-12-08,Sandy Neck Provisions,61.63,1
2025-12-09,,78.76,5
2025-12-10,,280.16,3
2025-12-11,,1218.35,24
2025-12-12,,482.61,12
2025-12-13,,10.8,1
2025-12-14,,10.56,1
2025-12-15,,49.09,2
2025-12-15,Sandy Neck Provisions,179.87,1
2025-12-16,,122.34,4
2025-12-17,,1364.24,27
2025-12-18,,457.47,12
2025-12-18,Sandy Neck Provisions,294.35,3
2025-12-19,,44.1,1
2025-12-20,,0,0
2025-12-21,,10.86,1
2025-12-22,,71.53,3
2025-12-23,,74,3
2025-12-23,Sandy Neck Provisions,99.55,2
2025-12-24,,10.16,1
2025-12-25,,55.75,3
2025-12-26,,54.69,3
2025-12-27,,43.52,4
2025-12-28,,0,0
2025-12-29,,0,0
2025-12-30,,0,0
2025-12-31,,94.2,2
2026-01-01,,61.58,3
2026-01-02,,72.21,4
2026-01-03,,11.16,1
2026-01-04,,21.16,2
2026-01-05,,24.35,2
2026-01-06,,0,0
2026-01-07,,0,0
2026-01-08,,0,0
2026-01-09,,0,0
2026-01-10,,0,0
2026-01-11,,0,0
2026-01-12,,0,0
2026-01-13,,65.15,3
2026-01-14,,27.65,2
2026-01-15,,10.49,1
2026-01-16,,28.1,1
2026-01-17,,24.68,2
2026-01-18,,11.05,1
2026-01-19,,58.3,2
2026-01-20,,11.03,1
2026-01-21,,-6.06,2
2026-01-22,,89.67,5
2026-01-23,,11.14,1
2026-01-24,,0,1
2026-01-25,,0,0
2026-01-26,,19.7,1
2026-01-27,,-8.48,1
2026-01-28,,80,3
2026-01-29,,447.76,10
2026-01-30,,224.39,3
2026-01-31,,657.86,12
2026-02-01,,419.9,11
2026-02-02,,60.45,3
2026-02-03,,11.51,1
2026-02-04,,0.26,1
2026-02-05,,0,0
2026-02-06,,25.65,2
2026-02-07,,53.62,1
2026-02-08,,0,0
2026-02-09,,488.47,8
2026-02-10,,1047.75,13
2026-02-11,,170.8,4
2026-02-12,,184.6,4
2026-02-13,,6.24,2
2026-02-14,,0,0
2026-02-15,,0,0
2026-02-16,,0,0
2026-02-17,,0,0
2026-02-18,,0,0
2026-02-19,,0,0
2026-02-20,,527.23,7
2026-02-21,,28.33,2
2026-02-22,,0,0
2026-02-23,,0,0
2026-02-24,,10.55,1
2026-02-25,,18.09,1
2026-02-26,,0,0
2026-02-27,,0,0
2026-02-28,,-26.74,0
2026-03-01,,0,0
2026-03-02,,0,0
2026-03-03,,0,0
2026-03-04,,0,0
2026-03-05,,0,0
2026-03-06,,0,0
2026-03-07,,0,0
2026-03-08,,22.1,1
2026-03-09,,0,0
2026-03-10,,0,0
2026-03-11,,0,0
2026-03-12,,0,0
2026-03-13,,39.99,1
2026-03-14,,19.1,1
2026-03-15,,0,0
2026-03-16,,0,0
2026-03-17,,0,0
2026-03-18,,-70.68,1
2026-03-18,Sandy Neck Provisions,0,1
2026-03-19,,0,0
2026-03-20,,0,0
2026-03-21,,104.78,2
2026-03-22,,10.1,1
2026-03-23,,15.76,1
2026-03-24,,66.99,1
2026-03-25,,0,0
2026-03-26,,40.27,1
2026-03-27,,81.11,1
2026-03-28,,945.77,13
2026-03-29,,1177.65,23
2026-03-30,,1756.03,30
2026-03-31,,0,0
2026-04-01,,0,1
2026-04-01,Sandy Neck Provisions,0,1
2026-04-02,,0,0
2026-04-03,,118.09,2
2026-04-04,,0,0
2026-04-05,,0,0
2026-04-06,,344.89,4
2026-04-07,,216.45,3
2026-04-08,,464.38,7
2026-04-09,,128.63,2
2026-04-10,,212.3,4
2026-04-11,,-35.08,1
2026-04-12,,0,0
2026-04-13,,44.1,1
2026-04-14,,265.85,2
2026-04-15,,-185.95,0
2026-04-15,Sandy Neck Provisions,62.32,1
2026-04-16,,49.08,1
2026-04-17,,124.17,3
2026-04-18,,78.07,1
2026-04-19,,125.08,2
2026-04-20,,27.03,1
2026-04-20,Sandy Neck Provisions,33.75,1
2026-04-21,,473.43,3
2026-04-22,,9.7,1
2026-04-23,,78.42,1
2026-04-23,Sandy Neck Provisions,74.37,2
2026-04-24,,43.69,4
2026-04-25,,0,1
2026-04-26,,0,0
2026-04-27,,101,2
2026-04-28,,112.14,2
2026-04-29,Sandy Neck Provisions,0,0
2026-04-30,,0,0
2026-05-01,,171.34,3
2026-05-02,,0,0
2026-05-03,,171.75,3
2026-05-04,,120.13,1
2026-05-05,,0,0
2026-05-06,,0,0
2026-05-07,,45.88,1
2026-05-07,Sandy Neck Provisions,190.49,1
2026-05-08,Sandy Neck Provisions,138.55,1
2026-05-09,,111.12,2
2026-05-09,Sandy Neck Provisions,1361.84,25
2026-05-10,,126.82,2
2026-05-11,,45.67,1
2026-05-12,,0,0
2026-05-13,,184.6,4
2026-05-14,,79.9,1
2026-05-15,,296.86,5
2026-05-15,Sandy Neck Provisions,106.25,1
2026-05-16,,104.67,2
2026-05-16,Sandy Neck Provisions,235.87,4
2026-05-17,,475.6,6
2026-05-17,Sandy Neck Provisions,965.69,25
2026-05-18,,127.38,2
2026-05-19,,152.96,3
2026-05-19,Sandy Neck Provisions,286.25,2
2026-05-20,,90.68,2
2026-05-20,Sandy Neck Provisions,285.15,7
2026-05-21,,307.41,5
2026-05-22,,209.16,3
2026-05-22,Sandy Neck Provisions,567.45,9
2026-05-23,,343.4,6
2026-05-23,Sandy Neck Provisions,533.35,9
2026-05-24,,331.39,5
2026-05-24,Sandy Neck Provisions,462.85,8
2026-05-25,,43.1,1
2026-05-25,Sandy Neck Provisions,278.05,6
2026-05-26,Sandy Neck Provisions,110.08,3
2026-05-27,,83.93,1
2026-05-27,Sandy Neck Provisions,47.49,2
2026-05-28,Sandy Neck Provisions,26.56,1
2026-05-29,,70.68,5
2026-05-29,Sandy Neck Provisions,149.44,6
2026-05-30,,51.69,4
2026-05-30,Sandy Neck Provisions,70.23,2
2026-05-31,,120.9,8
2026-05-31,Sandy Neck Provisions,256.52,7
2026-06-01,,289.49,8
2026-06-01,Sandy Neck Provisions,52,2
2026-06-02,,58.46,3
2026-06-02,Sandy Neck Provisions,69.86,4
2026-06-03,,135.06,2
2026-06-03,Sandy Neck Provisions,681.08,6
2026-06-04,,164.14,9
2026-06-04,Sandy Neck Provisions,586.65,11
2026-06-05,,189.61,8
2026-06-05,Sandy Neck Provisions,256.69,12
2026-06-06,,205.22,5
2026-06-06,Sandy Neck Provisions,1048.33,21
2026-06-07,,499.46,14
2026-06-07,Sandy Neck Provisions,952.45,27
2026-06-08,,190.06,8
2026-06-08,Sandy Neck Provisions,157.55,4
2026-06-09,,59.85,2
2026-06-09,Sandy Neck Provisions,55.35,6
2026-06-10,,497.19,8
2026-06-10,Sandy Neck Provisions,141.86,5
2026-06-11,,241.31,5
2026-06-11,Sandy Neck Provisions,627.84,9
2026-06-12,,169.56,10
2026-06-12,Sandy Neck Provisions,380.64,9
2026-06-13,,356.63,15
2026-06-13,Sandy Neck Provisions,2570.38,56
2026-06-14,,380.99,15
2026-06-14,Sandy Neck Provisions,1392.49,23
2026-06-15,,342.91,16
2026-06-15,Sandy Neck Provisions,108.46,5
2026-06-16,,575.25,17
2026-06-16,Sandy Neck Provisions,289.4,5
2026-06-17,,360.54,12
2026-06-17,Sandy Neck Provisions,450.66,13
2026-06-18,,353.8,8
2026-06-18,Sandy Neck Provisions,214.33,8
2026-06-19,,232.66,11
2026-06-19,Sandy Neck Provisions,1495.27,24
2026-06-20,,212.39,11
2026-06-20,Sandy Neck Provisions,1251.32,30
2026-06-21,,182.18,10
2026-06-21,Sandy Neck Provisions,1131.81,28
2026-06-22,,362.07,16
2026-06-22,Sandy Neck Provisions,177.49,3
2026-06-23,,308.76,15
2026-06-24,,257.15,12
2026-06-24,Sandy Neck Provisions,92.23,9
2026-06-25,,52.96,4
2026-06-25,Sandy Neck Provisions,653.06,17
2026-06-26,,304.63,13
2026-06-26,Sandy Neck Provisions,607.16,17
2026-06-27,,96.26,4
2026-06-27,Sandy Neck Provisions,1594.89,23
2026-06-28,,175.85,5
2026-06-28,Sandy Neck Provisions,1190.9,32
2026-06-29,,70.39,4
2026-06-29,Sandy Neck Provisions,689,20
2026-06-30,,62.88,3
2026-06-30,Sandy Neck Provisions,723.02,12
2026-07-01,,186.43,3
2026-07-01,Sandy Neck Provisions,1113.34,15
2026-07-02,,38.44,3
2026-07-02,Sandy Neck Provisions,3562.17,71
2026-07-03,Sandy Neck Provisions,5468.62,84
2026-07-04,,446.69,2
2026-07-04,Sandy Neck Provisions,2888.86,67
2026-07-05,,37.11,3
2026-07-05,Sandy Neck Provisions,1237.94,29
2026-07-06,,-257.48,5
2026-07-06,Sandy Neck Provisions,1125.14,16
2026-07-07,,111.98,2
2026-07-07,Sandy Neck Provisions,475.21,14
2026-07-08,,6,3
2026-07-08,Sandy Neck Provisions,706.71,15
2026-07-09,,24.95,2
2026-07-09,Sandy Neck Provisions,483.6,14
2026-07-10,,221.45,9
2026-07-10,Sandy Neck Provisions,1831.06,26
2026-07-11,,112.47,4
2026-07-11,Sandy Neck Provisions,1445.11,40
2026-07-12,,207.8,7
2026-07-12,Sandy Neck Provisions,2145.54,45
2026-07-13,,76.27,5
2026-07-13,Sandy Neck Provisions,961.97,27
2026-07-14,,103.47,8
2026-07-14,Sandy Neck Provisions,571,14
2026-07-15,,53.41,4
2026-07-15,Sandy Neck Provisions,359.96,8
2026-07-16,,199.32,9
2026-07-16,Sandy Neck Provisions,1187.47,26
2026-07-17,,-42.45,2
2026-07-17,Sandy Neck Provisions,1490.07,42
2026-07-18,,182.59,5
2026-07-18,Sandy Neck Provisions,938.67,28
2026-07-19,,62.47,3
2026-07-19,Sandy Neck Provisions,2237.23,50
2026-07-20,,-6.28,3
2026-07-20,Sandy Neck Provisions,1109.42,34
2026-07-21,,12.74,1
2026-07-21,Sandy Neck Provisions,1006.11,23
2026-07-22,,12.51,1
2026-07-22,Sandy Neck Provisions,637.73,18
2026-07-23,,155.2,8
2026-07-23,Sandy Neck Provisions,1205.09,24
2026-07-24,,151.52,4
2026-07-24,Sandy Neck Provisions,2383.68,51
2026-07-25,,34.31,3
2026-07-25,Sandy Neck Provisions,2099.51,53
2026-07-26,,41.34,3
2026-07-26,Sandy Neck Provisions,1133.85,29
2026-07-27,,12.08,2
2026-07-27,Sandy Neck Provisions,765.9,20
2026-07-28,,55.91,2
2026-07-28,Sandy Neck Provisions,575.51,22
2026-07-29,,74.32,3
2026-07-29,Sandy Neck Provisions,168.49,5
2026-07-30,,56.73,4
2026-07-30,Sandy Neck Provisions,342.41,12
2026-07-31,,101.96,5
2026-07-31,Sandy Neck Provisions,1285.61,35
2026-08-01,,77.86,6
2026-08-01,Sandy Neck Provisions,1893.61,60
2026-08-02,,119.71,6
2026-08-02,Sandy Neck Provisions,799.42,28
2026-08-03,,27.3,2
2026-08-03,Sandy Neck Provisions,292.21,10
2026-08-04,,37.25,3
2026-08-04,Sandy Neck Provisions,1218.18,19
2026-08-05,,63.18,5
2026-08-05,Sandy Neck Provisions,1209.82,26
2026-08-06,,330.42,5
2026-08-06,Sandy Neck Provisions,850.89,20
2026-08-07,,25.17,3
2026-08-07,Sandy Neck Provisions,1481.72,54
2026-08-08,,113.08,5
2026-08-08,Sandy Neck Provisions,2907.08,95
2026-08-09,,169,1
2026-08-09,Sandy Neck Provisions,2935.74,76
2026-08-10,,52.96,2
2026-08-10,Sandy Neck Provisions,1221.61,23
2026-08-11,Sandy Neck Provisions,1300.37,38
2026-08-12,Sandy Neck Provisions,802.58,14
2026-08-13,Sandy Neck Provisions,913.19,19
2026-08-14,Sandy Neck Provisions,1270.21,41
2026-08-15,,81.37,2
2026-08-15,Sandy Neck Provisions,1956.64,53
2026-08-16,Sandy Neck Provisions,791.29,19
2026-08-17,,25.17,2
2026-08-17,Sandy Neck Provisions,758.14,20
2026-08-18,,40.83,3
2026-08-18,Sandy Neck Provisions,574.81,13
2026-08-19,,184.12,7
2026-08-19,Sandy Neck Provisions,733.67,16
2026-08-20,,40.43,3
2026-08-20,Sandy Neck Provisions,758.62,22
2026-08-21,,27.41,2
2026-08-21,Sandy Neck Provisions,352.98,12
2026-08-22,,12.5,1
2026-08-22,Sandy Neck Provisions,1552.71,29
2026-08-23,,78.4,4
2026-08-23,Sandy Neck Provisions,866.85,20
2026-08-24,,29.21,2
2026-08-24,Sandy Neck Provisions,717.38,20
2026-08-25,,26.31,2
2026-08-25,Sandy Neck Provisions,402.12,14
2026-08-26,,0,0
